Joacampora,152
frnkbs,66
dieguischa,436
alejosaur,184
tres-xxx,30
diefrodriguezcha,99
buendiagon,30
cglaitong,240
JulianM96,129
garayf,354
dahrojasca,32
facuellarg,30
SergioLopez40,30
Juankmilo97,76
DiegoAraque1207,89
Ozai98,83
trickyjuggler,80
jdgaitanf,30
davideperdomo,248
jannMorenoJ,71
jdsolanos,70
daapinzonch,30
biherrerap,181
Jufcardenasmo,58
casc3798,155
Caadiazsi,160
FredyRosero,52
nikolasto,104
dcastanedar,30
DaveValencia,30
jaleonro,53
yaochoal,115
sarguellesr,30
bfprietoc,30
DaniCastel,143
LauraMolina,188
jaasuarezvi,30
olimita,138
Nigogu,145
adcorredorm,30
Acreed21,30
csalfonsol,66
Sariilan,30
xFortich,71
Orloffyeah,386
Daryhez,70
criscapunal,61
bsdiaza,30
Jfcastroh,30
BrandonAvilanR,178
jssanchezo,30
serbatero,154
Gusgal03,30
Biopeligro,127
GabrielUnal,30
Alekzu,30
DSFarfanF,30
Anvido,249
Gavnic,30
evilcucaracha,131
vvargasd,30
nviverosb,96
anythinglord,125
StevenEsmar,30
DavidsMartinez,30
sebcamacho1703,51
JorgeTorresC,84
Camiioo,30
anferoar96,37
RafaelCruz15,87
gahormigag,30
jsalcinar,92
Saariasba,31
JamerMejiaGarcia,30
pahigueraf,279
federgolo,111
gimg1859,58
alebautis,30
ayperezc,108
fewilchesc,0
tres-iqus,0
