dcastanedar,30
dieguischa,30
whipplem123,78
sarguellesr,30
Juankmilo97,206
daapinzonch,30
biherrerap,30
JorgeTorresC,30
hihms,568
lennwgs,96
trickyjuggler,282
jdgaitanf,183
Nigogu,299
LukasMMarinovic,224
adcorredorm,348
Gavnic,30
Jfcastroh,30
Jordan-Loeser,438
garayf,417
SergioLopez40,30
DSFarfanF,30
olimita,343
Caadiazsi,160
bfprietoc,30
Acreed21,117
snugghash,109
Ilyumzhinov,30
davideperdomo,497
Anvido,410
diefrodriguezcha,233
sebcamacho1703,30
pahigueraf,403
SionHu,30
DavidsMartinez,30
facuellarg,30
jssanchezo,30
jsalcinar,306
csalfonsol,139
zhao744,147
ayperezc,179
FredyRosero,228
Biopeligro,30
matson3,462
LauraMolina,257
jdsolanos,87
ko68,711
buendiagon,30
Daryhez,30
Sariilan,30
gimg1859,30
JamerMejiaGarcia,30
StevenEsmar,30
anferoar96,104
fewilchesc,0
gahormigag,30
aclipfel,30
nbraunec,30
bsdiaza,30
frnkbs,30
laurenjank,77
mdecloedt,118
tres-iqus,0
littlex2015,101
ecottle,84
casc3798,202
noah-curran,205
criscapunal,61
tres-xxx,30
serbatero,206
evilcucaracha,247
DiegoAraque1207,30
yaochoal,217
Alekzu,30
vvargasd,30
DaveValencia,30
GabrielUnal,30
jaleonro,174
dahrojasca,30
Saariasba,68
alebautis,30
cglaitong,547
viswapurdue,160
nviverosb,253
Orloffyeah,478
xFortich,478
Gusgal03,30
Ozai98,30
BrandonAvilanR,596
RafaelCruz15,153
DaniCastel,280
alejosaur,498
Jufcardenasmo,85
anythinglord,280
jannMorenoJ,146
Camiioo,30
Joacampora,30
jmamaril25,325
sanjitsama,30
AkaGar,124
GeoffYart,117
shivans,30
bzin22,169
jaasuarezvi,30
nikolasto,103
CampbellC2,185
JulianM96,223
jmhunter4711,30
federgolo,219
