mdecloedt,honors,0
Jordan-Loeser,honors,0
LukasMMarinovic,honors,0
whipplem123,honors,0
SionHu,honors,0
jmamaril25,honors,0
lennwgs,honors,0
viswapurdue,honors,0
CampbellC2,honors,0
noah-curran,honors,0
laurenjank,honors,0
bzin22,honors,0
AkaGar,honors,0
matson3,honors,0
ecottle,honors,0
littlex2015,honors,0
shivans,honors,0
nbraunec,honors,0
sanjitsama,honors,0
Ilyumzhinov,honors,0
hihms,honors,0
snugghash,honors,0
zhao744,honors,0
aclipfel,honors,0
ko68,honors,0
GeoffYart,honors,0
jmhunter4711,honors,0
