CampbellC2,185
casc3798,202
GabrielUnal,30
StevenEsmar,30
gahormigag,30
mdecloedt,118
Jufcardenasmo,85
evilcucaracha,247
yaochoal,217
DavidsMartinez,30
noah-curran,205
tres-iqus,0
ko68,711
GeoffYart,117
jmamaril25,325
hihms,568
SionHu,30
Biopeligro,30
FredyRosero,228
jaleonro,174
DaniCastel,280
Daryhez,30
zhao744,147
Anvido,410
sanjitsama,30
alebautis,30
buendiagon,30
Ilyumzhinov,30
jannMorenoJ,146
nviverosb,253
viswapurdue,160
dahrojasca,30
aclipfel,30
biherrerap,30
pahigueraf,403
DSFarfanF,30
Saariasba,68
anythinglord,280
whipplem123,78
Caadiazsi,160
laurenjank,77
SergioLopez40,30
Ozai98,30
DiegoAraque1207,30
alejosaur,498
DaveValencia,30
facuellarg,30
daapinzonch,30
lennwgs,96
jssanchezo,30
BrandonAvilanR,596
serbatero,206
snugghash,109
cglaitong,547
AkaGar,124
bfprietoc,30
nbraunec,30
dieguischa,30
csalfonsol,139
tres-xxx,30
ecottle,84
federgolo,219
vvargasd,30
JulianM96,223
sarguellesr,30
bzin22,169
Gusgal03,30
criscapunal,61
gshowal,435
frnkbs,30
adcorredorm,348
shivans,30
Camiioo,30
Nigogu,299
xFortich,478
fewilchesc,0
Gavnic,30
garayf,417
Orloffyeah,478
Jordan-Loeser,438
davideperdomo,497
olimita,343
Juankmilo97,206
diefrodriguezcha,233
bsdiaza,30
JorgeTorresC,30
gimg1859,30
jaasuarezvi,30
LukasMMarinovic,224
Jfcastroh,30
Acreed21,117
Joacampora,30
jdgaitanf,183
nikolasto,103
littlex2015,101
trickyjuggler,282
ayperezc,179
jdsolanos,87
anferoar96,104
Alekzu,30
LauraMolina,257
sebcamacho1703,30
RafaelCruz15,153
JamerMejiaGarcia,30
matson3,462
jsalcinar,306
dcastanedar,30
Sariilan,30
