mdecloedt,http://www.ironhacks.com/users/mdecloedt/projects/webapp_phase5/preview/index.html,https://github.com/li2266/9fc703c41916345769d5f4de213139ec/blob/master/IH-Project-2017-mdecloedt_webapp_phase5/README.md,http://rawgit.com/li2266/9fc703c41916345769d5f4de213139ec/master/IH-Project-2017-mdecloedt_webapp_phase5/index.html,honors0
Jordan-Loeser,http://www.ironhacks.com/users/Jordan-Loeser/projects/webapp_phase5/preview/index.html,https://github.com/li2266/9fc703c41916345769d5f4de213139ec/blob/master/IH-Project-2017-Jordan-Loeser_webapp_phase5/README.md,http://rawgit.com/li2266/9fc703c41916345769d5f4de213139ec/master/IH-Project-2017-Jordan-Loeser_webapp_phase5/index.html,honors0
LukasMMarinovic,http://www.ironhacks.com/users/LukasMMarinovic/projects/webapp_phase5/preview/index.html,https://github.com/li2266/9fc703c41916345769d5f4de213139ec/blob/master/IH-Project-2017-LukasMMarinovic_webapp_phase5/README.md,http://rawgit.com/li2266/9fc703c41916345769d5f4de213139ec/master/IH-Project-2017-LukasMMarinovic_webapp_phase5/index.html,honors0
whipplem123,http://www.ironhacks.com/users/whipplem123/projects/webapp_phase5/preview/index.html,https://github.com/li2266/9fc703c41916345769d5f4de213139ec/blob/master/IH-Project-2017-whipplem123_webapp_phase5/README.md,http://rawgit.com/li2266/9fc703c41916345769d5f4de213139ec/master/IH-Project-2017-whipplem123_webapp_phase5/index.html,honors0
SionHu,http://www.ironhacks.com/users/SionHu/projects/webapp_phase5/preview/index.html,https://github.com/li2266/9fc703c41916345769d5f4de213139ec/blob/master/IH-Project-2017-SionHu_webapp_phase5/README.md,http://rawgit.com/li2266/9fc703c41916345769d5f4de213139ec/master/IH-Project-2017-SionHu_webapp_phase5/index.html,honors0
jmamaril25,http://www.ironhacks.com/users/jmamaril25/projects/webapp_phase5/preview/index.html,https://github.com/li2266/9fc703c41916345769d5f4de213139ec/blob/master/IH-Project-2017-jmamaril25_webapp_phase5/README.md,http://rawgit.com/li2266/9fc703c41916345769d5f4de213139ec/master/IH-Project-2017-jmamaril25_webapp_phase5/index.html,honors0
lennwgs,http://www.ironhacks.com/users/lennwgs/projects/webapp_phase5/preview/index.html,https://github.com/li2266/9fc703c41916345769d5f4de213139ec/blob/master/IH-Project-2017-lennwgs_webapp_phase5/README.md,http://rawgit.com/li2266/9fc703c41916345769d5f4de213139ec/master/IH-Project-2017-lennwgs_webapp_phase5/index.html,honors0
viswapurdue,http://www.ironhacks.com/users/viswapurdue/projects/webapp_phase5/preview/index.html,https://github.com/li2266/9fc703c41916345769d5f4de213139ec/blob/master/IH-Project-2017-viswapurdue_webapp_phase5/README.md,http://rawgit.com/li2266/9fc703c41916345769d5f4de213139ec/master/IH-Project-2017-viswapurdue_webapp_phase5/index.html,honors0
CampbellC2,http://www.ironhacks.com/users/CampbellC2/projects/webapp_phase5/preview/index.html,https://github.com/li2266/9fc703c41916345769d5f4de213139ec/blob/master/IH-Project-2017-CampbellC2_webapp_phase5/README.md,http://rawgit.com/li2266/9fc703c41916345769d5f4de213139ec/master/IH-Project-2017-CampbellC2_webapp_phase5/index.html,honors0
noah-curran,http://www.ironhacks.com/users/noah-curran/projects/webapp_phase5/preview/index.html,https://github.com/li2266/9fc703c41916345769d5f4de213139ec/blob/master/IH-Project-2017-noah-curran_webapp_phase5/README.md,http://rawgit.com/li2266/9fc703c41916345769d5f4de213139ec/master/IH-Project-2017-noah-curran_webapp_phase5/index.html,honors0
laurenjank,http://www.ironhacks.com/users/laurenjank/projects/webapp_phase5/preview/index.html,https://github.com/li2266/9fc703c41916345769d5f4de213139ec/blob/master/IH-Project-2017-laurenjank_webapp_phase5/README.md,http://rawgit.com/li2266/9fc703c41916345769d5f4de213139ec/master/IH-Project-2017-laurenjank_webapp_phase5/index.html,honors0
bzin22,http://www.ironhacks.com/users/bzin22/projects/webapp_phase5/preview/index.html,https://github.com/li2266/9fc703c41916345769d5f4de213139ec/blob/master/IH-Project-2017-bzin22_webapp_phase5/README.md,http://rawgit.com/li2266/9fc703c41916345769d5f4de213139ec/master/IH-Project-2017-bzin22_webapp_phase5/index.html,honors0
AkaGar,http://www.ironhacks.com/users/AkaGar/projects/webapp_phase5/preview/index.html,https://github.com/li2266/9fc703c41916345769d5f4de213139ec/blob/master/IH-Project-2017-AkaGar_webapp_phase5/README.md,http://rawgit.com/li2266/9fc703c41916345769d5f4de213139ec/master/IH-Project-2017-AkaGar_webapp_phase5/index.html,honors0
matson3,http://www.ironhacks.com/users/matson3/projects/webapp_phase5/preview/index.html,https://github.com/li2266/9fc703c41916345769d5f4de213139ec/blob/master/IH-Project-2017-matson3_webapp_phase5/README.md,http://rawgit.com/li2266/9fc703c41916345769d5f4de213139ec/master/IH-Project-2017-matson3_webapp_phase5/index.html,honors0
ecottle,http://www.ironhacks.com/users/ecottle/projects/webapp_phase5/preview/index.html,https://github.com/li2266/9fc703c41916345769d5f4de213139ec/blob/master/IH-Project-2017-ecottle_webapp_phase5/README.md,http://rawgit.com/li2266/9fc703c41916345769d5f4de213139ec/master/IH-Project-2017-ecottle_webapp_phase5/index.html,honors0
littlex2015,http://www.ironhacks.com/users/littlex2015/projects/webapp_phase5/preview/index.html,https://github.com/li2266/9fc703c41916345769d5f4de213139ec/blob/master/IH-Project-2017-littlex2015_webapp_phase5/README.md,http://rawgit.com/li2266/9fc703c41916345769d5f4de213139ec/master/IH-Project-2017-littlex2015_webapp_phase5/index.html,honors0
shivans,http://www.ironhacks.com/users/shivans/projects/webapp_phase5/preview/index.html,https://github.com/li2266/9fc703c41916345769d5f4de213139ec/blob/master/IH-Project-2017-shivans_webapp_phase5/README.md,http://rawgit.com/li2266/9fc703c41916345769d5f4de213139ec/master/IH-Project-2017-shivans_webapp_phase5/index.html,honors0
nbraunec,http://www.ironhacks.com/users/nbraunec/projects/webapp_phase5/preview/index.html,https://github.com/li2266/9fc703c41916345769d5f4de213139ec/blob/master/IH-Project-2017-nbraunec_webapp_phase5/README.md,http://rawgit.com/li2266/9fc703c41916345769d5f4de213139ec/master/IH-Project-2017-nbraunec_webapp_phase5/index.html,honors0
sanjitsama,http://www.ironhacks.com/users/sanjitsama/projects/webapp_phase5/preview/index.html,https://github.com/li2266/9fc703c41916345769d5f4de213139ec/blob/master/IH-Project-2017-sanjitsama_webapp_phase5/README.md,http://rawgit.com/li2266/9fc703c41916345769d5f4de213139ec/master/IH-Project-2017-sanjitsama_webapp_phase5/index.html,honors0
Ilyumzhinov,http://www.ironhacks.com/users/Ilyumzhinov/projects/webapp_phase5/preview/index.html,https://github.com/li2266/9fc703c41916345769d5f4de213139ec/blob/master/IH-Project-2017-Ilyumzhinov_webapp_phase5/README.md,http://rawgit.com/li2266/9fc703c41916345769d5f4de213139ec/master/IH-Project-2017-Ilyumzhinov_webapp_phase5/index.html,honors0
hihms,http://www.ironhacks.com/users/hihms/projects/webapp_phase5/preview/index.html,https://github.com/li2266/9fc703c41916345769d5f4de213139ec/blob/master/IH-Project-2017-hihms_webapp_phase5/README.md,http://rawgit.com/li2266/9fc703c41916345769d5f4de213139ec/master/IH-Project-2017-hihms_webapp_phase5/index.html,honors0
snugghash,http://www.ironhacks.com/users/snugghash/projects/webapp_phase5/preview/index.html,https://github.com/li2266/9fc703c41916345769d5f4de213139ec/blob/master/IH-Project-2017-snugghash_webapp_phase5/README.md,http://rawgit.com/li2266/9fc703c41916345769d5f4de213139ec/master/IH-Project-2017-snugghash_webapp_phase5/index.html,honors0
zhao744,http://www.ironhacks.com/users/zhao744/projects/webapp_phase5/preview/index.html,https://github.com/li2266/9fc703c41916345769d5f4de213139ec/blob/master/IH-Project-2017-zhao744_webapp_phase5/README.md,http://rawgit.com/li2266/9fc703c41916345769d5f4de213139ec/master/IH-Project-2017-zhao744_webapp_phase5/index.html,honors0
aclipfel,http://www.ironhacks.com/users/aclipfel/projects/webapp_phase5/preview/index.html,https://github.com/li2266/9fc703c41916345769d5f4de213139ec/blob/master/IH-Project-2017-aclipfel_webapp_phase5/README.md,http://rawgit.com/li2266/9fc703c41916345769d5f4de213139ec/master/IH-Project-2017-aclipfel_webapp_phase5/index.html,honors0
ko68,http://www.ironhacks.com/users/ko68/projects/webapp_phase5/preview/index.html,https://github.com/li2266/9fc703c41916345769d5f4de213139ec/blob/master/IH-Project-2017-ko68_webapp_phase5/README.md,http://rawgit.com/li2266/9fc703c41916345769d5f4de213139ec/master/IH-Project-2017-ko68_webapp_phase5/index.html,honors0
GeoffYart,http://www.ironhacks.com/users/GeoffYart/projects/webapp_phase5/preview/index.html,https://github.com/li2266/9fc703c41916345769d5f4de213139ec/blob/master/IH-Project-2017-GeoffYart_webapp_phase5/README.md,http://rawgit.com/li2266/9fc703c41916345769d5f4de213139ec/master/IH-Project-2017-GeoffYart_webapp_phase5/index.html,honors0
gshowal,http://www.ironhacks.com/users/gshowal/projects/webapp_phase5/preview/index.html,https://github.com/li2266/9fc703c41916345769d5f4de213139ec/blob/master/IH-Project-2017-gshowal_webapp_phase5/README.md,http://rawgit.com/li2266/9fc703c41916345769d5f4de213139ec/master/IH-Project-2017-gshowal_webapp_phase5/index.html,honors0
Nigogu,http://www.ironhacks.com/users/Nigogu/projects/webapp_phase5/preview/index.html,https://github.com/li2266/9fc703c41916345769d5f4de213139ec/blob/master/IH-Project-2017-Nigogu_webapp_phase5/README.md,http://rawgit.com/li2266/9fc703c41916345769d5f4de213139ec/master/IH-Project-2017-Nigogu_webapp_phase5/index.html,unal0
Daryhez,http://www.ironhacks.com/users/Daryhez/projects/webapp_phase5/preview/index.html,https://github.com/li2266/9fc703c41916345769d5f4de213139ec/blob/master/IH-Project-2017-Daryhez_webapp_phase5/README.md,http://rawgit.com/li2266/9fc703c41916345769d5f4de213139ec/master/IH-Project-2017-Daryhez_webapp_phase5/index.html,unal0
daapinzonch,http://www.ironhacks.com/users/daapinzonch/projects/webapp_phase5/preview/index.html,https://github.com/li2266/9fc703c41916345769d5f4de213139ec/blob/master/IH-Project-2017-daapinzonch_webapp_phase5/README.md,http://rawgit.com/li2266/9fc703c41916345769d5f4de213139ec/master/IH-Project-2017-daapinzonch_webapp_phase5/index.html,unal0
fewilchesc,http://www.ironhacks.com/users/fewilchesc/projects/webapp_phase5/preview/index.html,https://github.com/li2266/9fc703c41916345769d5f4de213139ec/blob/master/IH-Project-2017-fewilchesc_webapp_phase5/README.md,http://rawgit.com/li2266/9fc703c41916345769d5f4de213139ec/master/IH-Project-2017-fewilchesc_webapp_phase5/index.html,unal0
JorgeTorresC,http://www.ironhacks.com/users/JorgeTorresC/projects/webapp_phase5/preview/index.html,https://github.com/li2266/9fc703c41916345769d5f4de213139ec/blob/master/IH-Project-2017-JorgeTorresC_webapp_phase5/README.md,http://rawgit.com/li2266/9fc703c41916345769d5f4de213139ec/master/IH-Project-2017-JorgeTorresC_webapp_phase5/index.html,unal0
anythinglord,http://www.ironhacks.com/users/anythinglord/projects/webapp_phase5/preview/index.html,https://github.com/li2266/9fc703c41916345769d5f4de213139ec/blob/master/IH-Project-2017-anythinglord_webapp_phase5/README.md,http://rawgit.com/li2266/9fc703c41916345769d5f4de213139ec/master/IH-Project-2017-anythinglord_webapp_phase5/index.html,unal0
criscapunal,http://www.ironhacks.com/users/criscapunal/projects/webapp_phase5/preview/index.html,https://github.com/li2266/9fc703c41916345769d5f4de213139ec/blob/master/IH-Project-2017-criscapunal_webapp_phase5/README.md,http://rawgit.com/li2266/9fc703c41916345769d5f4de213139ec/master/IH-Project-2017-criscapunal_webapp_phase5/index.html,unal0
dieguischa,http://www.ironhacks.com/users/dieguischa/projects/webapp_phase5/preview/index.html,https://github.com/li2266/9fc703c41916345769d5f4de213139ec/blob/master/IH-Project-2017-dieguischa_webapp_phase5/README.md,http://rawgit.com/li2266/9fc703c41916345769d5f4de213139ec/master/IH-Project-2017-dieguischa_webapp_phase5/index.html,unal0
Orloffyeah,http://www.ironhacks.com/users/Orloffyeah/projects/webapp_phase5/preview/index.html,https://github.com/li2266/9fc703c41916345769d5f4de213139ec/blob/master/IH-Project-2017-Orloffyeah_webapp_phase5/README.md,http://rawgit.com/li2266/9fc703c41916345769d5f4de213139ec/master/IH-Project-2017-Orloffyeah_webapp_phase5/index.html,unal0
SergioLopez40,http://www.ironhacks.com/users/SergioLopez40/projects/webapp_phase5/preview/index.html,https://github.com/li2266/9fc703c41916345769d5f4de213139ec/blob/master/IH-Project-2017-SergioLopez40_webapp_phase5/README.md,http://rawgit.com/li2266/9fc703c41916345769d5f4de213139ec/master/IH-Project-2017-SergioLopez40_webapp_phase5/index.html,unal0
DiegoAraque1207,http://www.ironhacks.com/users/DiegoAraque1207/projects/webapp_phase5/preview/index.html,https://github.com/li2266/9fc703c41916345769d5f4de213139ec/blob/master/IH-Project-2017-DiegoAraque1207_webapp_phase5/README.md,http://rawgit.com/li2266/9fc703c41916345769d5f4de213139ec/master/IH-Project-2017-DiegoAraque1207_webapp_phase5/index.html,unal0
olimita,http://www.ironhacks.com/users/olimita/projects/webapp_phase5/preview/index.html,https://github.com/li2266/9fc703c41916345769d5f4de213139ec/blob/master/IH-Project-2017-olimita_webapp_phase5/README.md,http://rawgit.com/li2266/9fc703c41916345769d5f4de213139ec/master/IH-Project-2017-olimita_webapp_phase5/index.html,unal0
yaochoal,http://www.ironhacks.com/users/yaochoal/projects/webapp_phase5/preview/index.html,https://github.com/li2266/9fc703c41916345769d5f4de213139ec/blob/master/IH-Project-2017-yaochoal_webapp_phase5/README.md,http://rawgit.com/li2266/9fc703c41916345769d5f4de213139ec/master/IH-Project-2017-yaochoal_webapp_phase5/index.html,unal0
Gavnic,http://www.ironhacks.com/users/Gavnic/projects/webapp_phase5/preview/index.html,https://github.com/li2266/9fc703c41916345769d5f4de213139ec/blob/master/IH-Project-2017-Gavnic_webapp_phase5/README.md,http://rawgit.com/li2266/9fc703c41916345769d5f4de213139ec/master/IH-Project-2017-Gavnic_webapp_phase5/index.html,unal0
Joacampora,http://www.ironhacks.com/users/Joacampora/projects/webapp_phase5/preview/index.html,https://github.com/li2266/9fc703c41916345769d5f4de213139ec/blob/master/IH-Project-2017-Joacampora_webapp_phase5/README.md,http://rawgit.com/li2266/9fc703c41916345769d5f4de213139ec/master/IH-Project-2017-Joacampora_webapp_phase5/index.html,unal0
Ozai98,http://www.ironhacks.com/users/Ozai98/projects/webapp_phase5/preview/index.html,https://github.com/li2266/9fc703c41916345769d5f4de213139ec/blob/master/IH-Project-2017-Ozai98_webapp_phase5/README.md,http://rawgit.com/li2266/9fc703c41916345769d5f4de213139ec/master/IH-Project-2017-Ozai98_webapp_phase5/index.html,unal0
nviverosb,http://www.ironhacks.com/users/nviverosb/projects/webapp_phase5/preview/index.html,https://github.com/li2266/9fc703c41916345769d5f4de213139ec/blob/master/IH-Project-2017-nviverosb_webapp_phase5/README.md,http://rawgit.com/li2266/9fc703c41916345769d5f4de213139ec/master/IH-Project-2017-nviverosb_webapp_phase5/index.html,unal0
Sariilan,http://www.ironhacks.com/users/Sariilan/projects/webapp_phase5/preview/index.html,https://github.com/li2266/9fc703c41916345769d5f4de213139ec/blob/master/IH-Project-2017-Sariilan_webapp_phase5/README.md,http://rawgit.com/li2266/9fc703c41916345769d5f4de213139ec/master/IH-Project-2017-Sariilan_webapp_phase5/index.html,unal0
Alekzu,http://www.ironhacks.com/users/Alekzu/projects/webapp_phase5/preview/index.html,https://github.com/li2266/9fc703c41916345769d5f4de213139ec/blob/master/IH-Project-2017-Alekzu_webapp_phase5/README.md,http://rawgit.com/li2266/9fc703c41916345769d5f4de213139ec/master/IH-Project-2017-Alekzu_webapp_phase5/index.html,unal0
vvargasd,http://www.ironhacks.com/users/vvargasd/projects/webapp_phase5/preview/index.html,https://github.com/li2266/9fc703c41916345769d5f4de213139ec/blob/master/IH-Project-2017-vvargasd_webapp_phase5/README.md,http://rawgit.com/li2266/9fc703c41916345769d5f4de213139ec/master/IH-Project-2017-vvargasd_webapp_phase5/index.html,unal0
biherrerap,http://www.ironhacks.com/users/biherrerap/projects/webapp_phase5/preview/index.html,https://github.com/li2266/9fc703c41916345769d5f4de213139ec/blob/master/IH-Project-2017-biherrerap_webapp_phase5/README.md,http://rawgit.com/li2266/9fc703c41916345769d5f4de213139ec/master/IH-Project-2017-biherrerap_webapp_phase5/index.html,unal0
bfprietoc,http://www.ironhacks.com/users/bfprietoc/projects/webapp_phase5/preview/index.html,https://github.com/li2266/9fc703c41916345769d5f4de213139ec/blob/master/IH-Project-2017-bfprietoc_webapp_phase5/README.md,http://rawgit.com/li2266/9fc703c41916345769d5f4de213139ec/master/IH-Project-2017-bfprietoc_webapp_phase5/index.html,unal0
LauraMolina,http://www.ironhacks.com/users/LauraMolina/projects/webapp_phase5/preview/index.html,https://github.com/li2266/9fc703c41916345769d5f4de213139ec/blob/master/IH-Project-2017-LauraMolina_webapp_phase5/README.md,http://rawgit.com/li2266/9fc703c41916345769d5f4de213139ec/master/IH-Project-2017-LauraMolina_webapp_phase5/index.html,unal0
Acreed21,http://www.ironhacks.com/users/Acreed21/projects/webapp_phase5/preview/index.html,https://github.com/li2266/9fc703c41916345769d5f4de213139ec/blob/master/IH-Project-2017-Acreed21_webapp_phase5/README.md,http://rawgit.com/li2266/9fc703c41916345769d5f4de213139ec/master/IH-Project-2017-Acreed21_webapp_phase5/index.html,unal0
Camiioo,http://www.ironhacks.com/users/Camiioo/projects/webapp_phase5/preview/index.html,https://github.com/li2266/9fc703c41916345769d5f4de213139ec/blob/master/IH-Project-2017-Camiioo_webapp_phase5/README.md,http://rawgit.com/li2266/9fc703c41916345769d5f4de213139ec/master/IH-Project-2017-Camiioo_webapp_phase5/index.html,unal0
frnkbs,http://www.ironhacks.com/users/frnkbs/projects/webapp_phase5/preview/index.html,https://github.com/li2266/9fc703c41916345769d5f4de213139ec/blob/master/IH-Project-2017-frnkbs_webapp_phase5/README.md,http://rawgit.com/li2266/9fc703c41916345769d5f4de213139ec/master/IH-Project-2017-frnkbs_webapp_phase5/index.html,unal0
Jfcastroh,http://www.ironhacks.com/users/Jfcastroh/projects/webapp_phase5/preview/index.html,https://github.com/li2266/9fc703c41916345769d5f4de213139ec/blob/master/IH-Project-2017-Jfcastroh_webapp_phase5/README.md,http://rawgit.com/li2266/9fc703c41916345769d5f4de213139ec/master/IH-Project-2017-Jfcastroh_webapp_phase5/index.html,unal0
evilcucaracha,http://www.ironhacks.com/users/evilcucaracha/projects/webapp_phase5/preview/index.html,https://github.com/li2266/9fc703c41916345769d5f4de213139ec/blob/master/IH-Project-2017-evilcucaracha_webapp_phase5/README.md,http://rawgit.com/li2266/9fc703c41916345769d5f4de213139ec/master/IH-Project-2017-evilcucaracha_webapp_phase5/index.html,unal1
JulianM96,http://www.ironhacks.com/users/JulianM96/projects/webapp_phase5/preview/index.html,https://github.com/li2266/9fc703c41916345769d5f4de213139ec/blob/master/IH-Project-2017-JulianM96_webapp_phase5/README.md,http://rawgit.com/li2266/9fc703c41916345769d5f4de213139ec/master/IH-Project-2017-JulianM96_webapp_phase5/index.html,unal1
Saariasba,http://www.ironhacks.com/users/Saariasba/projects/webapp_phase5/preview/index.html,https://github.com/li2266/9fc703c41916345769d5f4de213139ec/blob/master/IH-Project-2017-Saariasba_webapp_phase5/README.md,http://rawgit.com/li2266/9fc703c41916345769d5f4de213139ec/master/IH-Project-2017-Saariasba_webapp_phase5/index.html,unal1
tres-iqus,http://www.ironhacks.com/users/tres-iqus/projects/webapp_phase5/preview/index.html,https://github.com/li2266/9fc703c41916345769d5f4de213139ec/blob/master/IH-Project-2017-tres-iqus_webapp_phase5/README.md,http://rawgit.com/li2266/9fc703c41916345769d5f4de213139ec/master/IH-Project-2017-tres-iqus_webapp_phase5/index.html,unal1
cglaitong,http://www.ironhacks.com/users/cglaitong/projects/webapp_phase5/preview/index.html,https://github.com/li2266/9fc703c41916345769d5f4de213139ec/blob/master/IH-Project-2017-cglaitong_webapp_phase5/README.md,http://rawgit.com/li2266/9fc703c41916345769d5f4de213139ec/master/IH-Project-2017-cglaitong_webapp_phase5/index.html,unal1
DaniCastel,http://www.ironhacks.com/users/DaniCastel/projects/webapp_phase5/preview/index.html,https://github.com/li2266/9fc703c41916345769d5f4de213139ec/blob/master/IH-Project-2017-DaniCastel_webapp_phase5/README.md,http://rawgit.com/li2266/9fc703c41916345769d5f4de213139ec/master/IH-Project-2017-DaniCastel_webapp_phase5/index.html,unal1
BrandonAvilanR,http://www.ironhacks.com/users/BrandonAvilanR/projects/webapp_phase5/preview/index.html,https://github.com/li2266/9fc703c41916345769d5f4de213139ec/blob/master/IH-Project-2017-BrandonAvilanR_webapp_phase5/README.md,http://rawgit.com/li2266/9fc703c41916345769d5f4de213139ec/master/IH-Project-2017-BrandonAvilanR_webapp_phase5/index.html,unal1
alejosaur,http://www.ironhacks.com/users/alejosaur/projects/webapp_phase5/preview/index.html,https://github.com/li2266/9fc703c41916345769d5f4de213139ec/blob/master/IH-Project-2017-alejosaur_webapp_phase5/README.md,http://rawgit.com/li2266/9fc703c41916345769d5f4de213139ec/master/IH-Project-2017-alejosaur_webapp_phase5/index.html,unal1
jaasuarezvi,http://www.ironhacks.com/users/jaasuarezvi/projects/webapp_phase5/preview/index.html,https://github.com/li2266/9fc703c41916345769d5f4de213139ec/blob/master/IH-Project-2017-jaasuarezvi_webapp_phase5/README.md,http://rawgit.com/li2266/9fc703c41916345769d5f4de213139ec/master/IH-Project-2017-jaasuarezvi_webapp_phase5/index.html,unal1
jdsolanos,http://www.ironhacks.com/users/jdsolanos/projects/webapp_phase5/preview/index.html,https://github.com/li2266/9fc703c41916345769d5f4de213139ec/blob/master/IH-Project-2017-jdsolanos_webapp_phase5/README.md,http://rawgit.com/li2266/9fc703c41916345769d5f4de213139ec/master/IH-Project-2017-jdsolanos_webapp_phase5/index.html,unal1
DavidsMartinez,http://www.ironhacks.com/users/DavidsMartinez/projects/webapp_phase5/preview/index.html,https://github.com/li2266/9fc703c41916345769d5f4de213139ec/blob/master/IH-Project-2017-DavidsMartinez_webapp_phase5/README.md,http://rawgit.com/li2266/9fc703c41916345769d5f4de213139ec/master/IH-Project-2017-DavidsMartinez_webapp_phase5/index.html,unal1
Biopeligro,http://www.ironhacks.com/users/Biopeligro/projects/webapp_phase5/preview/index.html,https://github.com/li2266/9fc703c41916345769d5f4de213139ec/blob/master/IH-Project-2017-Biopeligro_webapp_phase5/README.md,http://rawgit.com/li2266/9fc703c41916345769d5f4de213139ec/master/IH-Project-2017-Biopeligro_webapp_phase5/index.html,unal1
garayf,http://www.ironhacks.com/users/garayf/projects/webapp_phase5/preview/index.html,https://github.com/li2266/9fc703c41916345769d5f4de213139ec/blob/master/IH-Project-2017-garayf_webapp_phase5/README.md,http://rawgit.com/li2266/9fc703c41916345769d5f4de213139ec/master/IH-Project-2017-garayf_webapp_phase5/index.html,unal1
jaleonro,http://www.ironhacks.com/users/jaleonro/projects/webapp_phase5/preview/index.html,https://github.com/li2266/9fc703c41916345769d5f4de213139ec/blob/master/IH-Project-2017-jaleonro_webapp_phase5/README.md,http://rawgit.com/li2266/9fc703c41916345769d5f4de213139ec/master/IH-Project-2017-jaleonro_webapp_phase5/index.html,unal1
facuellarg,http://www.ironhacks.com/users/facuellarg/projects/webapp_phase5/preview/index.html,https://github.com/li2266/9fc703c41916345769d5f4de213139ec/blob/master/IH-Project-2017-facuellarg_webapp_phase5/README.md,http://rawgit.com/li2266/9fc703c41916345769d5f4de213139ec/master/IH-Project-2017-facuellarg_webapp_phase5/index.html,unal1
Caadiazsi,http://www.ironhacks.com/users/Caadiazsi/projects/webapp_phase5/preview/index.html,https://github.com/li2266/9fc703c41916345769d5f4de213139ec/blob/master/IH-Project-2017-Caadiazsi_webapp_phase5/README.md,http://rawgit.com/li2266/9fc703c41916345769d5f4de213139ec/master/IH-Project-2017-Caadiazsi_webapp_phase5/index.html,unal1
sebcamacho1703,http://www.ironhacks.com/users/sebcamacho1703/projects/webapp_phase5/preview/index.html,https://github.com/li2266/9fc703c41916345769d5f4de213139ec/blob/master/IH-Project-2017-sebcamacho1703_webapp_phase5/README.md,http://rawgit.com/li2266/9fc703c41916345769d5f4de213139ec/master/IH-Project-2017-sebcamacho1703_webapp_phase5/index.html,unal1
xFortich,http://www.ironhacks.com/users/xFortich/projects/webapp_phase5/preview/index.html,https://github.com/li2266/9fc703c41916345769d5f4de213139ec/blob/master/IH-Project-2017-xFortich_webapp_phase5/README.md,http://rawgit.com/li2266/9fc703c41916345769d5f4de213139ec/master/IH-Project-2017-xFortich_webapp_phase5/index.html,unal1
Gusgal03,http://www.ironhacks.com/users/Gusgal03/projects/webapp_phase5/preview/index.html,https://github.com/li2266/9fc703c41916345769d5f4de213139ec/blob/master/IH-Project-2017-Gusgal03_webapp_phase5/README.md,http://rawgit.com/li2266/9fc703c41916345769d5f4de213139ec/master/IH-Project-2017-Gusgal03_webapp_phase5/index.html,unal1
Juankmilo97,http://www.ironhacks.com/users/Juankmilo97/projects/webapp_phase5/preview/index.html,https://github.com/li2266/9fc703c41916345769d5f4de213139ec/blob/master/IH-Project-2017-Juankmilo97_webapp_phase5/README.md,http://rawgit.com/li2266/9fc703c41916345769d5f4de213139ec/master/IH-Project-2017-Juankmilo97_webapp_phase5/index.html,unal1
alebautis,http://www.ironhacks.com/users/alebautis/projects/webapp_phase5/preview/index.html,https://github.com/li2266/9fc703c41916345769d5f4de213139ec/blob/master/IH-Project-2017-alebautis_webapp_phase5/README.md,http://rawgit.com/li2266/9fc703c41916345769d5f4de213139ec/master/IH-Project-2017-alebautis_webapp_phase5/index.html,unal1
sarguellesr,http://www.ironhacks.com/users/sarguellesr/projects/webapp_phase5/preview/index.html,https://github.com/li2266/9fc703c41916345769d5f4de213139ec/blob/master/IH-Project-2017-sarguellesr_webapp_phase5/README.md,http://rawgit.com/li2266/9fc703c41916345769d5f4de213139ec/master/IH-Project-2017-sarguellesr_webapp_phase5/index.html,unal1
davideperdomo,http://www.ironhacks.com/users/davideperdomo/projects/webapp_phase5/preview/index.html,https://github.com/li2266/9fc703c41916345769d5f4de213139ec/blob/master/IH-Project-2017-davideperdomo_webapp_phase5/README.md,http://rawgit.com/li2266/9fc703c41916345769d5f4de213139ec/master/IH-Project-2017-davideperdomo_webapp_phase5/index.html,unal1
JamerMejiaGarcia,http://www.ironhacks.com/users/JamerMejiaGarcia/projects/webapp_phase5/preview/index.html,https://github.com/li2266/9fc703c41916345769d5f4de213139ec/blob/master/IH-Project-2017-JamerMejiaGarcia_webapp_phase5/README.md,http://rawgit.com/li2266/9fc703c41916345769d5f4de213139ec/master/IH-Project-2017-JamerMejiaGarcia_webapp_phase5/index.html,unal1
nikolasto,http://www.ironhacks.com/users/nikolasto/projects/webapp_phase5/preview/index.html,https://github.com/li2266/9fc703c41916345769d5f4de213139ec/blob/master/IH-Project-2017-nikolasto_webapp_phase5/README.md,http://rawgit.com/li2266/9fc703c41916345769d5f4de213139ec/master/IH-Project-2017-nikolasto_webapp_phase5/index.html,unal1
gahormigag,http://www.ironhacks.com/users/gahormigag/projects/webapp_phase5/preview/index.html,https://github.com/li2266/9fc703c41916345769d5f4de213139ec/blob/master/IH-Project-2017-gahormigag_webapp_phase5/README.md,http://rawgit.com/li2266/9fc703c41916345769d5f4de213139ec/master/IH-Project-2017-gahormigag_webapp_phase5/index.html,unal1
ayperezc,http://www.ironhacks.com/users/ayperezc/projects/webapp_phase5/preview/index.html,https://github.com/li2266/9fc703c41916345769d5f4de213139ec/blob/master/IH-Project-2017-ayperezc_webapp_phase5/README.md,http://rawgit.com/li2266/9fc703c41916345769d5f4de213139ec/master/IH-Project-2017-ayperezc_webapp_phase5/index.html,unal1
anferoar96,http://www.ironhacks.com/users/anferoar96/projects/webapp_phase5/preview/index.html,https://github.com/li2266/9fc703c41916345769d5f4de213139ec/blob/master/IH-Project-2017-anferoar96_webapp_phase5/README.md,http://rawgit.com/li2266/9fc703c41916345769d5f4de213139ec/master/IH-Project-2017-anferoar96_webapp_phase5/index.html,unal2
StevenEsmar,http://www.ironhacks.com/users/StevenEsmar/projects/webapp_phase5/preview/index.html,https://github.com/li2266/9fc703c41916345769d5f4de213139ec/blob/master/IH-Project-2017-StevenEsmar_webapp_phase5/README.md,http://rawgit.com/li2266/9fc703c41916345769d5f4de213139ec/master/IH-Project-2017-StevenEsmar_webapp_phase5/index.html,unal2
dcastanedar,http://www.ironhacks.com/users/dcastanedar/projects/webapp_phase5/preview/index.html,https://github.com/li2266/9fc703c41916345769d5f4de213139ec/blob/master/IH-Project-2017-dcastanedar_webapp_phase5/README.md,http://rawgit.com/li2266/9fc703c41916345769d5f4de213139ec/master/IH-Project-2017-dcastanedar_webapp_phase5/index.html,unal2
trickyjuggler,http://www.ironhacks.com/users/trickyjuggler/projects/webapp_phase5/preview/index.html,https://github.com/li2266/9fc703c41916345769d5f4de213139ec/blob/master/IH-Project-2017-trickyjuggler_webapp_phase5/README.md,http://rawgit.com/li2266/9fc703c41916345769d5f4de213139ec/master/IH-Project-2017-trickyjuggler_webapp_phase5/index.html,unal2
DaveValencia,http://www.ironhacks.com/users/DaveValencia/projects/webapp_phase5/preview/index.html,https://github.com/li2266/9fc703c41916345769d5f4de213139ec/blob/master/IH-Project-2017-DaveValencia_webapp_phase5/README.md,http://rawgit.com/li2266/9fc703c41916345769d5f4de213139ec/master/IH-Project-2017-DaveValencia_webapp_phase5/index.html,unal2
csalfonsol,http://www.ironhacks.com/users/csalfonsol/projects/webapp_phase5/preview/index.html,https://github.com/li2266/9fc703c41916345769d5f4de213139ec/blob/master/IH-Project-2017-csalfonsol_webapp_phase5/README.md,http://rawgit.com/li2266/9fc703c41916345769d5f4de213139ec/master/IH-Project-2017-csalfonsol_webapp_phase5/index.html,unal2
tres-xxx,http://www.ironhacks.com/users/tres-xxx/projects/webapp_phase5/preview/index.html,https://github.com/li2266/9fc703c41916345769d5f4de213139ec/blob/master/IH-Project-2017-tres-xxx_webapp_phase5/README.md,http://rawgit.com/li2266/9fc703c41916345769d5f4de213139ec/master/IH-Project-2017-tres-xxx_webapp_phase5/index.html,unal2
buendiagon,http://www.ironhacks.com/users/buendiagon/projects/webapp_phase5/preview/index.html,https://github.com/li2266/9fc703c41916345769d5f4de213139ec/blob/master/IH-Project-2017-buendiagon_webapp_phase5/README.md,http://rawgit.com/li2266/9fc703c41916345769d5f4de213139ec/master/IH-Project-2017-buendiagon_webapp_phase5/index.html,unal2
DSFarfanF,http://www.ironhacks.com/users/DSFarfanF/projects/webapp_phase5/preview/index.html,https://github.com/li2266/9fc703c41916345769d5f4de213139ec/blob/master/IH-Project-2017-DSFarfanF_webapp_phase5/README.md,http://rawgit.com/li2266/9fc703c41916345769d5f4de213139ec/master/IH-Project-2017-DSFarfanF_webapp_phase5/index.html,unal2
jssanchezo,http://www.ironhacks.com/users/jssanchezo/projects/webapp_phase5/preview/index.html,https://github.com/li2266/9fc703c41916345769d5f4de213139ec/blob/master/IH-Project-2017-jssanchezo_webapp_phase5/README.md,http://rawgit.com/li2266/9fc703c41916345769d5f4de213139ec/master/IH-Project-2017-jssanchezo_webapp_phase5/index.html,unal2
bsdiaza,http://www.ironhacks.com/users/bsdiaza/projects/webapp_phase5/preview/index.html,https://github.com/li2266/9fc703c41916345769d5f4de213139ec/blob/master/IH-Project-2017-bsdiaza_webapp_phase5/README.md,http://rawgit.com/li2266/9fc703c41916345769d5f4de213139ec/master/IH-Project-2017-bsdiaza_webapp_phase5/index.html,unal2
casc3798,http://www.ironhacks.com/users/casc3798/projects/webapp_phase5/preview/index.html,https://github.com/li2266/9fc703c41916345769d5f4de213139ec/blob/master/IH-Project-2017-casc3798_webapp_phase5/README.md,http://rawgit.com/li2266/9fc703c41916345769d5f4de213139ec/master/IH-Project-2017-casc3798_webapp_phase5/index.html,unal2
jsalcinar,http://www.ironhacks.com/users/jsalcinar/projects/webapp_phase5/preview/index.html,https://github.com/li2266/9fc703c41916345769d5f4de213139ec/blob/master/IH-Project-2017-jsalcinar_webapp_phase5/README.md,http://rawgit.com/li2266/9fc703c41916345769d5f4de213139ec/master/IH-Project-2017-jsalcinar_webapp_phase5/index.html,unal2
Anvido,http://www.ironhacks.com/users/Anvido/projects/webapp_phase5/preview/index.html,https://github.com/li2266/9fc703c41916345769d5f4de213139ec/blob/master/IH-Project-2017-Anvido_webapp_phase5/README.md,http://rawgit.com/li2266/9fc703c41916345769d5f4de213139ec/master/IH-Project-2017-Anvido_webapp_phase5/index.html,unal2
Jufcardenasmo,http://www.ironhacks.com/users/Jufcardenasmo/projects/webapp_phase5/preview/index.html,https://github.com/li2266/9fc703c41916345769d5f4de213139ec/blob/master/IH-Project-2017-Jufcardenasmo_webapp_phase5/README.md,http://rawgit.com/li2266/9fc703c41916345769d5f4de213139ec/master/IH-Project-2017-Jufcardenasmo_webapp_phase5/index.html,unal2
federgolo,http://www.ironhacks.com/users/federgolo/projects/webapp_phase5/preview/index.html,https://github.com/li2266/9fc703c41916345769d5f4de213139ec/blob/master/IH-Project-2017-federgolo_webapp_phase5/README.md,http://rawgit.com/li2266/9fc703c41916345769d5f4de213139ec/master/IH-Project-2017-federgolo_webapp_phase5/index.html,unal2
serbatero,http://www.ironhacks.com/users/serbatero/projects/webapp_phase5/preview/index.html,https://github.com/li2266/9fc703c41916345769d5f4de213139ec/blob/master/IH-Project-2017-serbatero_webapp_phase5/README.md,http://rawgit.com/li2266/9fc703c41916345769d5f4de213139ec/master/IH-Project-2017-serbatero_webapp_phase5/index.html,unal2
GabrielUnal,http://www.ironhacks.com/users/GabrielUnal/projects/webapp_phase5/preview/index.html,https://github.com/li2266/9fc703c41916345769d5f4de213139ec/blob/master/IH-Project-2017-GabrielUnal_webapp_phase5/README.md,http://rawgit.com/li2266/9fc703c41916345769d5f4de213139ec/master/IH-Project-2017-GabrielUnal_webapp_phase5/index.html,unal2
diefrodriguezcha,http://www.ironhacks.com/users/diefrodriguezcha/projects/webapp_phase5/preview/index.html,https://github.com/li2266/9fc703c41916345769d5f4de213139ec/blob/master/IH-Project-2017-diefrodriguezcha_webapp_phase5/README.md,http://rawgit.com/li2266/9fc703c41916345769d5f4de213139ec/master/IH-Project-2017-diefrodriguezcha_webapp_phase5/index.html,unal2
adcorredorm,http://www.ironhacks.com/users/adcorredorm/projects/webapp_phase5/preview/index.html,https://github.com/li2266/9fc703c41916345769d5f4de213139ec/blob/master/IH-Project-2017-adcorredorm_webapp_phase5/README.md,http://rawgit.com/li2266/9fc703c41916345769d5f4de213139ec/master/IH-Project-2017-adcorredorm_webapp_phase5/index.html,unal2
jdgaitanf,http://www.ironhacks.com/users/jdgaitanf/projects/webapp_phase5/preview/index.html,https://github.com/li2266/9fc703c41916345769d5f4de213139ec/blob/master/IH-Project-2017-jdgaitanf_webapp_phase5/README.md,http://rawgit.com/li2266/9fc703c41916345769d5f4de213139ec/master/IH-Project-2017-jdgaitanf_webapp_phase5/index.html,unal2
pahigueraf,http://www.ironhacks.com/users/pahigueraf/projects/webapp_phase5/preview/index.html,https://github.com/li2266/9fc703c41916345769d5f4de213139ec/blob/master/IH-Project-2017-pahigueraf_webapp_phase5/README.md,http://rawgit.com/li2266/9fc703c41916345769d5f4de213139ec/master/IH-Project-2017-pahigueraf_webapp_phase5/index.html,unal2
RafaelCruz15,http://www.ironhacks.com/users/RafaelCruz15/projects/webapp_phase5/preview/index.html,https://github.com/li2266/9fc703c41916345769d5f4de213139ec/blob/master/IH-Project-2017-RafaelCruz15_webapp_phase5/README.md,http://rawgit.com/li2266/9fc703c41916345769d5f4de213139ec/master/IH-Project-2017-RafaelCruz15_webapp_phase5/index.html,unal2
gimg1859,http://www.ironhacks.com/users/gimg1859/projects/webapp_phase5/preview/index.html,https://github.com/li2266/9fc703c41916345769d5f4de213139ec/blob/master/IH-Project-2017-gimg1859_webapp_phase5/README.md,http://rawgit.com/li2266/9fc703c41916345769d5f4de213139ec/master/IH-Project-2017-gimg1859_webapp_phase5/index.html,unal2
jannMorenoJ,http://www.ironhacks.com/users/jannMorenoJ/projects/webapp_phase5/preview/index.html,https://github.com/li2266/9fc703c41916345769d5f4de213139ec/blob/master/IH-Project-2017-jannMorenoJ_webapp_phase5/README.md,http://rawgit.com/li2266/9fc703c41916345769d5f4de213139ec/master/IH-Project-2017-jannMorenoJ_webapp_phase5/index.html,unal2
dahrojasca,http://www.ironhacks.com/users/dahrojasca/projects/webapp_phase5/preview/index.html,https://github.com/li2266/9fc703c41916345769d5f4de213139ec/blob/master/IH-Project-2017-dahrojasca_webapp_phase5/README.md,http://rawgit.com/li2266/9fc703c41916345769d5f4de213139ec/master/IH-Project-2017-dahrojasca_webapp_phase5/index.html,unal2
FredyRosero,http://www.ironhacks.com/users/FredyRosero/projects/webapp_phase5/preview/index.html,https://github.com/li2266/9fc703c41916345769d5f4de213139ec/blob/master/IH-Project-2017-FredyRosero_webapp_phase5/README.md,http://rawgit.com/li2266/9fc703c41916345769d5f4de213139ec/master/IH-Project-2017-FredyRosero_webapp_phase5/index.html,unal2
