ko68,688
Camiioo,30
noah-curran,237
frnkbs,80
Gusgal03,30
Joacampora,448
criscapunal,271
DiegoAraque1207,142
jsalcinar,404
JulianM96,241
sebcamacho1703,192
lennwgs,96
Acreed21,117
bsdiaza,260
LauraMolina,257
dieguischa,849
viswapurdue,30
fewilchesc,0
nikolasto,250
Orloffyeah,958
whipplem123,115
Ozai98,101
buendiagon,30
DaniCastel,301
GabrielUnal,30
JorgeTorresC,30
biherrerap,30
Biopeligro,30
ayperezc,101
jssanchezo,30
diefrodriguezcha,30
tres-iqus,0
DaveValencia,30
sanjitsama,849
Ilyumzhinov,30
jannMorenoJ,30
garayf,727
csalfonsol,228
mdecloedt,320
dahrojasca,83
AkaGar,172
jaasuarezvi,30
dcastanedar,30
Jfcastroh,30
anferoar96,195
Alekzu,47
snugghash,30
tres-xxx,30
jmamaril25,443
daapinzonch,97
casc3798,290
gahormigag,30
shivans,30
pahigueraf,1029
anythinglord,30
StevenEsmar,68
adcorredorm,30
SergioLopez40,30
olimita,415
laurenjank,115
bfprietoc,30
alejosaur,742
Anvido,514
DSFarfanF,30
Jordan-Loeser,558
evilcucaracha,505
zhao744,302
davideperdomo,972
Gavnic,30
LukasMMarinovic,270
Saariasba,30
Jufcardenasmo,73
Nigogu,305
alebautis,30
federgolo,227
jaleonro,208
Caadiazsi,30
JamerMejiaGarcia,30
facuellarg,100
vvargasd,30
jdgaitanf,234
littlex2015,108
RafaelCruz15,30
ecottle,97
Sariilan,30
aclipfel,30
BrandonAvilanR,1020
nviverosb,244
gimg1859,30
yaochoal,156
CampbellC2,311
matson3,544
hihms,582
xFortich,803
nbraunec,450
sarguellesr,30
Daryhez,30
serbatero,179
cglaitong,765
FredyRosero,30
trickyjuggler,428
SionHu,30
jdsolanos,71
GeoffYart,140
Juankmilo97,206
DavidsMartinez,30
bzin22,402
