ko68,784
Jufcardenasmo,353
federgolo,609
DiegoAraque1207,220
alebautis,30
AkaGar,270
Anvido,1046
casc3798,511
mdecloedt,535
nbraunec,30
noah-curran,255
jmamaril25,634
Joacampora,548
Jordan-Loeser,1210
alejosaur,742
DaniCastel,599
dahrojasca,109
jsalcinar,471
jannMorenoJ,30
LauraMolina,257
yaochoal,211
buendiagon,30
biherrerap,293
littlex2015,2185
FredyRosero,548
ayperezc,30
SergioLopez40,114
fewilchesc,0
laurenjank,246
JulianM96,359
csalfonsol,460
Sariilan,30
LukasMMarinovic,300
jssanchezo,30
gahormigag,30
RafaelCruz15,30
sarguellesr,30
dcastanedar,30
Daryhez,30
cglaitong,925
zhao744,536
jaleonro,355
Alekzu,87
JamerMejiaGarcia,30
olimita,530
pahigueraf,1600
Nigogu,490
matson3,3102
Orloffyeah,6217
tres-xxx,30
vvargasd,30
anythinglord,30
DSFarfanF,30
Ilyumzhinov,30
GabrielUnal,30
JorgeTorresC,593
bfprietoc,30
DaveValencia,30
Juankmilo97,290
viswapurdue,545
dieguischa,30
sanjitsama,1357
adcorredorm,484
xFortich,879
ecottle,129
diefrodriguezcha,983
whipplem123,145
shivans,30
gshowal,931
StevenEsmar,82
Gavnic,30
jdsolanos,152
garayf,947
bzin22,505
BrandonAvilanR,30
CampbellC2,836
Saariasba,30
aclipfel,30
anferoar96,233
facuellarg,30
Gusgal03,30
Jfcastroh,30
Biopeligro,30
nviverosb,30
Acreed21,115
SionHu,30
evilcucaracha,30
davideperdomo,1378
snugghash,110
daapinzonch,134
GeoffYart,303
criscapunal,364
DavidsMartinez,30
hihms,707
Camiioo,30
bsdiaza,30
frnkbs,153
trickyjuggler,882
jaasuarezvi,30
jdgaitanf,30
sebcamacho1703,449
tres-iqus,0
nikolasto,30
serbatero,477
lennwgs,96
Ozai98,30
Caadiazsi,30
gimg1859,30
